-- phpMyAdmin SQL Dump
-- version 5.0.2
-- https://www.phpmyadmin.net/
--
-- 主機： localhost
-- 產生時間： 2020-06-13 13:43:40
-- 伺服器版本： 10.4.11-MariaDB
-- PHP 版本： 7.4.6

SET SQL_MODE = "NO_AUTO_VALUE_ON_ZERO";
START TRANSACTION;
SET time_zone = "+00:00";


/*!40101 SET @OLD_CHARACTER_SET_CLIENT=@@CHARACTER_SET_CLIENT */;
/*!40101 SET @OLD_CHARACTER_SET_RESULTS=@@CHARACTER_SET_RESULTS */;
/*!40101 SET @OLD_COLLATION_CONNECTION=@@COLLATION_CONNECTION */;
/*!40101 SET NAMES utf8mb4 */;

--
-- 資料庫： `papago`
--
CREATE DATABASE IF NOT EXISTS `papago` DEFAULT CHARACTER SET utf8 COLLATE utf8_general_ci;
USE `papago`;

-- --------------------------------------------------------

--
-- 資料表結構 `activity`
--

DROP TABLE IF EXISTS `activity`;
CREATE TABLE `activity` (
  `productID` varchar(50) NOT NULL,
  `day` int(11) NOT NULL,
  `sequence` int(11) NOT NULL,
  `title` text NOT NULL,
  `content` text NOT NULL
) ENGINE=InnoDB DEFAULT CHARSET=utf8;

--
-- 資料表新增資料前，先清除舊資料 `activity`
--

TRUNCATE TABLE `activity`;
--
-- 傾印資料表的資料 `activity`
--

INSERT IGNORE INTO `activity` (`productID`, `day`, `sequence`, `title`, `content`) VALUES
('p-u5ecea4231145a-5edf02b480541', 1, 1, '集合', '集合'),
('p-u5ecea4231145a-5edf02b480541', 1, 2, '出發', '出發'),
('p-u5ecea4231145a-5edf02b480541', 1, 3, '到達', '到達'),
('p-u5ecea4231145a-5edf02b480541', 1, 4, '健行參觀', '健行參觀'),
('p-u5ecea4231145a-5edf02b480541', 1, 5, '午餐', '午餐'),
('p-u5ecea4231145a-5edf02b480541', 1, 6, '繼續參觀', '參觀'),
('p-u5ecea4231145a-5edf02b480541', 1, 7, '回程', '回程'),
('p-u5ecea4231145a-5edf02b480541', 1, 8, '確認跑完行程', '上網站相互確認跑完行程'),
('p-u5ecea4231145a-5edf02b480541', 1, 9, '面交付款', '付款'),
('p-u5ecea4231145a-5edf02b480541', 1, 10, '解散', '解散，謝謝您選購本行程'),
('p-u5ecea4231145a-5edf052336f8d', 1, 1, '集合', '集合'),
('p-u5ecea4231145a-5edf052336f8d', 1, 2, '出發', '出發'),
('p-u5ecea4231145a-5edf052336f8d', 1, 3, '到達', '到達'),
('p-u5ecea4231145a-5edf052336f8d', 1, 4, '旅館', '旅館住宿'),
('p-u5ecea4231145a-5edf052336f8d', 1, 5, '解散', '解散'),
('p-u5ecea4231145a-5edf052336f8d', 2, 1, '集合', '集合'),
('p-u5ecea4231145a-5edf052336f8d', 2, 2, '行程', '行程'),
('p-u5ecea4231145a-5edf052336f8d', 2, 3, '解散', '解散'),
('p-u5ecea4231145a-5edf052336f8d', 3, 1, '集合', '集合'),
('p-u5ecea4231145a-5edf052336f8d', 3, 2, '行程', '行程'),
('p-u5ecea4231145a-5edf052336f8d', 3, 3, '解散', '解散'),
('p-u5ecea4231145a-5edf052336f8d', 4, 1, '集合', '集合'),
('p-u5ecea4231145a-5edf052336f8d', 4, 2, '行程', '行程'),
('p-u5ecea4231145a-5edf052336f8d', 4, 3, '解散', '解散'),
('p-u5ecea4231145a-5edf052336f8d', 5, 1, '集合', '集合'),
('p-u5ecea4231145a-5edf052336f8d', 5, 2, '行程', '行程'),
('p-u5ecea4231145a-5edf052336f8d', 5, 3, '機場回程', '機場回程'),
('p-u5ecea4231145a-5edf052336f8d', 5, 4, '抵達台灣', '抵達'),
('p-u5ecea4231145a-5edf052336f8d', 5, 5, '確認跑完行程', '上網站相互確認跑完行程'),
('p-u5ecea4231145a-5edf052336f8d', 5, 6, '面交付款', '付款'),
('p-u5ecea4231145a-5edf052336f8d', 5, 7, '解散', '解散，謝謝您選購本行程'),
('p-u5ecea543db261-5ecea8c25bcb6', 1, 1, '碰面', '下午6點在台中火車站碰面'),
('p-u5ecea543db261-5ecea8c25bcb6', 1, 2, '搭車', '搭乘公車前往一中街'),
('p-u5ecea543db261-5ecea8c25bcb6', 1, 3, '晚餐', '邊走邊吃享受夜市樂趣'),
('p-u5ecea543db261-5ecea8c25bcb6', 1, 4, '逛街', '隨意遊走、購物'),
('p-u5ecea543db261-5ecea8c25bcb6', 1, 5, '確認跑完行程', '晚上9點解散，上網站相互確認跑完行程'),
('p-u5ecea543db261-5ecea8c25bcb6', 1, 6, '面交付款', '付款'),
('p-u5ecea543db261-5ecea8c25bcb6', 1, 7, '解散', '解散，謝謝您選購本行程'),
('p-u5ecea543db261-5ecf2d6e39995', 1, 1, '碰面', '早上8點在台中火車站碰面'),
('p-u5ecea543db261-5ecf2d6e39995', 1, 2, '搭車前往', '搭乘本人自備的私有車輛前往鎮瀾宮(中途可配合停下買早餐)'),
('p-u5ecea543db261-5ecf2d6e39995', 1, 3, '參拜', '大約9點半，到鎮瀾宮內參拜'),
('p-u5ecea543db261-5ecf2d6e39995', 1, 4, '文物導覽', '到鎮瀾宮下方文物館參觀'),
('p-u5ecea543db261-5ecf2d6e39995', 1, 5, '午餐時間', '到鎮瀾宮旁美食街攤販享用午餐'),
('p-u5ecea543db261-5ecf2d6e39995', 1, 6, '老街參觀', '到鎮瀾宮對街老街閒晃散心'),
('p-u5ecea543db261-5ecf2d6e39995', 1, 7, '搭車回家', '搭車回到台中車站(也可依照您的意思前往他處)'),
('p-u5ecea543db261-5ecf2d6e39995', 1, 8, '確認跑完行程', '上網站相互確認跑完行程'),
('p-u5ecea543db261-5ecf2d6e39995', 1, 9, '面交付款', '付款'),
('p-u5ecea543db261-5ecf2d6e39995', 1, 10, '解散', '解散，謝謝您選購本行程'),
('p-u5ecea543db261-5ecf3626635a7', 1, 1, '碰面', '早上7點在台中火車站碰面'),
('p-u5ecea543db261-5ecf3626635a7', 1, 2, '出發', '搭乘本人自備之轎車前往'),
('p-u5ecea543db261-5ecf3626635a7', 1, 3, '午餐', '於休息站享用午餐'),
('p-u5ecea543db261-5ecf3626635a7', 1, 4, '到達旅館', '到旅館check in'),
('p-u5ecea543db261-5ecf3626635a7', 1, 5, '森林步道健走', '開車前往風景區森林步道健走'),
('p-u5ecea543db261-5ecf3626635a7', 1, 6, '晚餐', '到鄰近餐廳享用晚餐(可自行指定餐館)'),
('p-u5ecea543db261-5ecf3626635a7', 1, 7, '回到旅館', '回旅館解散 第一天行程結束'),
('p-u5ecea543db261-5ecf3626635a7', 2, 1, '碰面', '早上8點旅館會合，退房'),
('p-u5ecea543db261-5ecf3626635a7', 2, 2, '前往山區風景區', '搭車前往風景區，可配合買早餐'),
('p-u5ecea543db261-5ecf3626635a7', 2, 3, '欣賞風景', '到風景區健走'),
('p-u5ecea543db261-5ecf3626635a7', 2, 4, '搭火車', '搭乘阿里山鐵路小火車前'),
('p-u5ecea543db261-5ecf3626635a7', 2, 5, '午餐', '午餐時間，可自行指定餐廳'),
('p-u5ecea543db261-5ecf3626635a7', 2, 6, '老街觀光', '到附近老街參觀購買特色商品'),
('p-u5ecea543db261-5ecf3626635a7', 2, 7, '回程', '開車回程，中途可配合停靠休息站'),
('p-u5ecea543db261-5ecf3626635a7', 2, 8, '到達台中火車站', '大約下午5點到達火車站'),
('p-u5ecea543db261-5ecf3626635a7', 2, 9, '確認跑完行程', '上網站相互確認跑完行程'),
('p-u5ecea543db261-5ecf3626635a7', 2, 10, '面交付款', '付款'),
('p-u5ecea543db261-5ecf3626635a7', 2, 11, '解散', '解散，謝謝您選購本行程'),
('p-u5ecea543db261-5ed6379d95b3c', 1, 1, '碰面', '早上8點於台中火車站會合'),
('p-u5ecea543db261-5ed6379d95b3c', 1, 2, '跑行程', '跑行程'),
('p-u5ecea543db261-5ed6379d95b3c', 1, 3, '入住旅館', '第一日解散'),
('p-u5ecea543db261-5ed6379d95b3c', 2, 1, '碰面', '早上8點於旅館會合退房'),
('p-u5ecea543db261-5ed6379d95b3c', 2, 2, '跑行程', '跑行程'),
('p-u5ecea543db261-5ed6379d95b3c', 2, 3, '回程', '回程約下午5點回到台中火車站'),
('p-u5ecea543db261-5ed6379d95b3c', 2, 4, '確認跑完行程', '上網站相互確認跑完行程'),
('p-u5ecea543db261-5ed6379d95b3c', 2, 5, '面交付款', '付款'),
('p-u5ecea543db261-5ed6379d95b3c', 2, 6, '解散', '解散，謝謝您選購本行程'),
('p-u5ecea543db261-5edefa5ba4356', 1, 1, '登入', '戴上微波爐登入'),
('p-u5ecea543db261-5edefa5ba4356', 1, 2, '汁妹', '和漂亮美眉一起吃麵包加奶油'),
('p-u5ecea543db261-5edefa5ba4356', 1, 3, '睡覺', '回旅館睡覺'),
('p-u5ecea543db261-5edefa5ba4356', 2, 1, '組隊', '到廣場和其他沒參加封測的玩家組隊'),
('p-u5ecea543db261-5edefa5ba4356', 2, 2, '作戰會議', '討論第一層作戰會議'),
('p-u5ecea543db261-5edefa5ba4356', 3, 1, '集合', '在BOSS房間門口前集合'),
('p-u5ecea543db261-5edefa5ba4356', 3, 2, '打BOSS', '打BOSS搶尾刀'),
('p-u5ecea543db261-5edefa5ba4356', 3, 3, '死人', '主糾送頭'),
('p-u5ecea543db261-5edefa5ba4356', 3, 4, '撿寶', '撿到黑色大衣 超爽得'),
('p-u5ecea543db261-5edefa5ba4356', 3, 5, '踏上獨行玩家之路', '自稱自己是封弊者 穿上黑色大衣甩頭就走'),
('p-u5ecea543db261-5edefc77419a9', 1, 1, '集合', '集合'),
('p-u5ecea543db261-5edefc77419a9', 1, 2, '出發前往', '出發前往'),
('p-u5ecea543db261-5edefc77419a9', 1, 3, '跑行程', '跑行程'),
('p-u5ecea543db261-5edefc77419a9', 1, 4, '回旅館', '回旅館 解散'),
('p-u5ecea543db261-5edefc77419a9', 2, 1, '集合', '旅館集合'),
('p-u5ecea543db261-5edefc77419a9', 2, 2, '行程', '跑行程'),
('p-u5ecea543db261-5edefc77419a9', 2, 3, '午餐', '吃午餐'),
('p-u5ecea543db261-5edefc77419a9', 2, 4, '行程', '行程'),
('p-u5ecea543db261-5edefc77419a9', 2, 5, '回程', '開車回程'),
('p-u5ecea543db261-5edefc77419a9', 2, 6, '確認跑完行程', '上網站相互確認跑完行程'),
('p-u5ecea543db261-5edefc77419a9', 2, 7, '面交付款', '付款'),
('p-u5ecea543db261-5edefc77419a9', 2, 8, '解散', '解散，謝謝您選購本行程'),
('p-u5ecea543db261-5edeff77f3e9b', 1, 1, '集合', '集合'),
('p-u5ecea543db261-5edeff77f3e9b', 1, 2, '前往', '前往'),
('p-u5ecea543db261-5edeff77f3e9b', 1, 3, '買午餐', '買午餐'),
('p-u5ecea543db261-5edeff77f3e9b', 1, 4, '開始登山', '開始'),
('p-u5ecea543db261-5edeff77f3e9b', 1, 5, '享用便當', '吃便當'),
('p-u5ecea543db261-5edeff77f3e9b', 1, 6, '繼續健行', '繼續健行'),
('p-u5ecea543db261-5edeff77f3e9b', 1, 7, '回程', '回程'),
('p-u5ecea543db261-5edeff77f3e9b', 1, 8, '確認跑完行程', '上網站相互確認跑完行程'),
('p-u5ecea543db261-5edeff77f3e9b', 1, 9, '面交付款', '付款'),
('p-u5ecea543db261-5edeff77f3e9b', 1, 10, '解散', '解散，謝謝您選購本行程'),
('p-u5ecea543db261-5edf9385100cf', 1, 1, '碰面', '下午6點在台中火車站碰面'),
('p-u5ecea543db261-5edf9385100cf', 1, 2, '搭車', '搭乘公車前往'),
('p-u5ecea543db261-5edf9385100cf', 1, 3, '晚餐', '邊走邊吃享受夜市樂趣'),
('p-u5ecea543db261-5edf9385100cf', 1, 4, '逛街', '隨意遊走、購物'),
('p-u5ecea543db261-5edf9385100cf', 1, 5, ' 確認跑完行程', '晚上9點解散，上網站相互確認跑完行程'),
('p-u5ecea543db261-5edf9385100cf', 1, 6, '面交付款', '付款'),
('p-u5ecea543db261-5edf9385100cf', 1, 7, '解散', '解散，謝謝您選購本行程'),
('p-u5ecea543db261-5edf95c3b4e86', 1, 1, '碰面', '下午6點在台中火車站碰面'),
('p-u5ecea543db261-5edf95c3b4e86', 1, 2, '搭車', '搭車前往一中街'),
('p-u5ecea543db261-5edf95c3b4e86', 1, 3, '晚餐', '邊走邊吃享受夜市樂趣'),
('p-u5ecea543db261-5edf95c3b4e86', 1, 4, '逛街', '隨意遊走、購物'),
('p-u5ecea543db261-5edf95c3b4e86', 1, 5, '確認跑完行程', '晚上9點解散，上網站相互確認跑完行程'),
('p-u5ecea543db261-5edf95c3b4e86', 1, 6, '面交付款', '付款'),
('p-u5ecea543db261-5edf95c3b4e86', 1, 7, '解散', '解散，謝謝您選購本行程'),
('p-u5ecea543db261-5ee068aef0c1e', 1, 1, '碰面', '碰面'),
('p-u5ecea543db261-5ee068aef0c1e', 1, 2, '搭車', '搭乘公車前往'),
('p-u5ecea543db261-5ee068aef0c1e', 1, 3, '吃飯', '吃飯'),
('p-u5ecea543db261-5ee068aef0c1e', 1, 4, '電影', '電影'),
('p-u5ecea543db261-5ee068aef0c1e', 1, 5, '逛街', '隨意遊走、購物'),
('p-u5ecea543db261-5ee068aef0c1e', 1, 6, '確認跑完行程', '上網站相互確認跑完行程'),
('p-u5ecea543db261-5ee068aef0c1e', 1, 7, '面交付款', '付款'),
('p-u5ecea543db261-5ee068aef0c1e', 1, 8, '解散', '解散，謝謝您選購本行程');

-- --------------------------------------------------------

--
-- 資料表結構 `collect`
--

DROP TABLE IF EXISTS `collect`;
CREATE TABLE `collect` (
  `userID` varchar(50) NOT NULL,
  `productID` varchar(50) NOT NULL
) ENGINE=InnoDB DEFAULT CHARSET=utf8;

--
-- 資料表新增資料前，先清除舊資料 `collect`
--

TRUNCATE TABLE `collect`;
--
-- 傾印資料表的資料 `collect`
--

INSERT IGNORE INTO `collect` (`userID`, `productID`) VALUES
('u5ecea4231145a', 'p-u5ecea4231145a-5edf02b480541'),
('u5ecea4231145a', 'p-u5ecea543db261-5edefa5ba4356'),
('u5ecea543db261', 'p-u5ecea4231145a-5edf052336f8d'),
('u5ecea543db261', 'p-u5ecea543db261-5ecea8c25bcb6');

-- --------------------------------------------------------

--
-- 資料表結構 `daycontent`
--

DROP TABLE IF EXISTS `daycontent`;
CREATE TABLE `daycontent` (
  `productID` varchar(50) NOT NULL,
  `day` int(11) NOT NULL,
  `title` text NOT NULL
) ENGINE=InnoDB DEFAULT CHARSET=utf8;

--
-- 資料表新增資料前，先清除舊資料 `daycontent`
--

TRUNCATE TABLE `daycontent`;
--
-- 傾印資料表的資料 `daycontent`
--

INSERT IGNORE INTO `daycontent` (`productID`, `day`, `title`) VALUES
('p-u5ecea4231145a-5edf02b480541', 1, '一日遊'),
('p-u5ecea4231145a-5edf052336f8d', 1, '第一天'),
('p-u5ecea4231145a-5edf052336f8d', 2, '第2天'),
('p-u5ecea4231145a-5edf052336f8d', 3, '第3天'),
('p-u5ecea4231145a-5edf052336f8d', 4, '第4天'),
('p-u5ecea4231145a-5edf052336f8d', 5, '第5天'),
('p-u5ecea543db261-5ecea8c25bcb6', 1, '美食之旅'),
('p-u5ecea543db261-5ecf2d6e39995', 1, '鎮瀾宮一日遊'),
('p-u5ecea543db261-5ecf3626635a7', 1, '阿里山森林之旅'),
('p-u5ecea543db261-5ecf3626635a7', 2, '鐵道神木之旅'),
('p-u5ecea543db261-5ed6379d95b3c', 1, '布農傳說'),
('p-u5ecea543db261-5ed6379d95b3c', 2, '森呼吸、夢想紙教堂'),
('p-u5ecea543db261-5edefa5ba4356', 1, '登入'),
('p-u5ecea543db261-5edefa5ba4356', 2, '組隊'),
('p-u5ecea543db261-5edefa5ba4356', 3, '打BOSS'),
('p-u5ecea543db261-5edefc77419a9', 1, '前往'),
('p-u5ecea543db261-5edefc77419a9', 2, '回程'),
('p-u5ecea543db261-5edeff77f3e9b', 1, '一日登山'),
('p-u5ecea543db261-5edf9385100cf', 1, '美食吃透透'),
('p-u5ecea543db261-5edf95c3b4e86', 1, '夜市'),
('p-u5ecea543db261-5ee068aef0c1e', 1, '電影吃飯');

-- --------------------------------------------------------

--
-- 資料表結構 `member`
--

DROP TABLE IF EXISTS `member`;
CREATE TABLE `member` (
  `ID` varchar(50) NOT NULL,
  `Email` varchar(50) NOT NULL,
  `passwd` varchar(255) NOT NULL,
  `name` varchar(50) NOT NULL,
  `state` varchar(20) NOT NULL,
  `phone` varchar(20) NOT NULL,
  `photo` varchar(100) NOT NULL
) ENGINE=InnoDB DEFAULT CHARSET=utf8;

--
-- 資料表新增資料前，先清除舊資料 `member`
--

TRUNCATE TABLE `member`;
--
-- 傾印資料表的資料 `member`
--

INSERT IGNORE INTO `member` (`ID`, `Email`, `passwd`, `name`, `state`, `phone`, `photo`) VALUES
('u5ecea4231145a', 'abc@com.tw', '$2y$10$NMmh2pu1SvBqXJftlZQ7cO1ozylvo1PgzLw28nC3B6s3KFvVlBbne', '臭甲小姐', '', '0933', 'ava_u5ecea4231145a_5edf9fb7d61271.jpg'),
('u5ecea543db261', 'test123@gmail.com', '$2y$10$Nd/RaIGkFuMNaHMAklSSc.BhgN4GAv.ONorV2Es1ANkRn5SKUWQJS', '詹涵', '', '0968368694', 'ava_u5ecea543db261_5ecea591e2cb31.png'),
('u5edfc78c03552', 'test456@com.tw', '$2y$10$f3RCMNnBtdkw0I5TNWnMpO4WSnz5U2C.jp.ZggZ.YzMmWEuPS2fY.', '皮蛋先生', '', '', 'ava_u5edfc78c03552_5edfc7a7034ec1.png');

-- --------------------------------------------------------

--
-- 資料表結構 `msg`
--

DROP TABLE IF EXISTS `msg`;
CREATE TABLE `msg` (
  `sentFrom` varchar(50) NOT NULL,
  `sentTo` varchar(50) NOT NULL,
  `productID` varchar(50) DEFAULT NULL,
  `date` datetime NOT NULL DEFAULT current_timestamp(),
  `content` text NOT NULL
) ENGINE=InnoDB DEFAULT CHARSET=utf8;

--
-- 資料表新增資料前，先清除舊資料 `msg`
--

TRUNCATE TABLE `msg`;
--
-- 傾印資料表的資料 `msg`
--

INSERT IGNORE INTO `msg` (`sentFrom`, `sentTo`, `productID`, `date`, `content`) VALUES
('u5ecea4231145a', 'u5ecea543db261', 'p-u5ecea543db261-5ecea8c25bcb6', '2020-06-08 11:48:59', ''),
('u5ecea4231145a', 'u5ecea543db261', '', '2020-06-08 11:49:32', '早安'),
('u5ecea4231145a', 'u5ecea543db261', '', '2020-06-08 11:50:12', '我喜歡吃飯'),
('u5ecea4231145a', 'u5ecea543db261', 'p-u5ecea543db261-5ed6379d95b3c', '2020-06-09 22:54:39', ''),
('u5ecea4231145a', 'u5ecea543db261', 'p-u5ecea543db261-5ecf2d6e39995', '2020-06-09 22:55:29', ''),
('u5ecea4231145a', 'u5ecea543db261', 'p-u5ecea543db261-5ed6379d95b3c', '2020-06-09 23:10:48', ''),
('u5ecea4231145a', 'u5ecea543db261', '', '2020-06-09 23:50:28', 'hi'),
('u5ecea4231145a', 'u5ecea543db261', '', '2020-06-09 23:53:45', '我臭甲'),
('u5ecea4231145a', 'u5ecea543db261', '', '2020-06-09 23:53:47', '早安'),
('u5ecea4231145a', 'u5ecea543db261', '', '2020-06-10 00:03:03', 'hi'),
('u5ecea4231145a', 'u5ecea543db261', '', '2020-06-10 01:20:09', '可以安排，但要自費+1000'),
('u5ecea4231145a', 'u5ecea543db261', '', '2020-06-10 01:25:52', '再聊天看看?'),
('u5ecea4231145a', 'u5ecea543db261', '', '2020-06-10 01:30:54', '現在又沒了'),
('u5ecea4231145a', 'u5ecea543db261', 'p-u5ecea543db261-5ed6379d95b3c', '2020-06-10 14:57:02', ''),
('u5ecea4231145a', 'u5ecea543db261', '', '2020-06-10 14:57:13', '我想買SAO精'),
('u5ecea4231145a', 'u5ecea543db261', 'p-u5ecea543db261-5edefc77419a9', '2020-06-11 20:54:21', ''),
('u5ecea4231145a', 'u5edfc78c03552', '', '2020-06-10 02:31:08', 'hi'),
('u5ecea4231145a', 'u5edfc78c03552', '', '2020-06-10 02:34:44', 'hi2'),
('u5ecea4231145a', 'u5edfc78c03552', '', '2020-06-10 02:36:13', '456'),
('u5ecea4231145a', 'u5edfc78c03552', '', '2020-06-10 02:41:26', '皮蛋'),
('u5ecea4231145a', 'u5edfc78c03552', '', '2020-06-10 02:46:46', '123'),
('u5ecea4231145a', 'u5edfc78c03552', '', '2020-06-10 02:51:29', '2222'),
('u5ecea4231145a', 'u5edfc78c03552', '', '2020-06-10 03:07:07', '7777'),
('u5ecea4231145a', 'u5edfc78c03552', '', '2020-06-10 03:09:45', '789'),
('u5ecea4231145a', 'u5edfc78c03552', '', '2020-06-10 03:10:16', '6554'),
('u5ecea4231145a', 'u5edfc78c03552', '', '2020-06-10 03:11:58', '12323'),
('u5ecea4231145a', 'u5edfc78c03552', '', '2020-06-10 03:13:03', '不知道'),
('u5ecea4231145a', 'u5edfc78c03552', '', '2020-06-10 03:19:09', '你怕不怕'),
('u5ecea4231145a', 'u5edfc78c03552', '', '2020-06-10 03:21:24', '不怕'),
('u5ecea4231145a', 'u5edfc78c03552', '', '2020-06-10 03:22:40', '11111'),
('u5ecea4231145a', 'u5edfc78c03552', '', '2020-06-10 03:29:05', '123'),
('u5ecea4231145a', 'u5edfc78c03552', '', '2020-06-10 03:29:11', '789'),
('u5ecea4231145a', 'u5edfc78c03552', '', '2020-06-10 03:29:25', '987'),
('u5ecea4231145a', 'u5edfc78c03552', '', '2020-06-10 03:29:47', '7777'),
('u5ecea4231145a', 'u5edfc78c03552', '', '2020-06-10 03:30:50', '789'),
('u5ecea4231145a', 'u5edfc78c03552', '', '2020-06-10 03:31:50', '10'),
('u5ecea4231145a', 'u5edfc78c03552', '', '2020-06-10 03:38:11', '37.01'),
('u5ecea4231145a', 'u5edfc78c03552', '', '2020-06-10 03:38:19', '10'),
('u5ecea4231145a', 'u5edfc78c03552', '', '2020-06-10 03:39:44', '12323123123'),
('u5ecea4231145a', 'u5edfc78c03552', '', '2020-06-10 03:41:02', '1111111111111111'),
('u5ecea4231145a', 'u5edfc78c03552', '', '2020-06-10 03:41:55', '4'),
('u5ecea4231145a', 'u5edfc78c03552', '', '2020-06-10 12:52:36', '早安'),
('u5ecea4231145a', 'u5edfc78c03552', '', '2020-06-10 12:52:47', '4'),
('u5ecea4231145a', 'u5edfc78c03552', '', '2020-06-10 12:53:11', '999'),
('u5ecea4231145a', 'u5edfc78c03552', '', '2020-06-10 12:53:46', '45'),
('u5ecea4231145a', 'u5edfc78c03552', '', '2020-06-10 12:54:37', '9'),
('u5ecea4231145a', 'u5edfc78c03552', '', '2020-06-10 12:56:51', '8'),
('u5ecea4231145a', 'u5edfc78c03552', '', '2020-06-10 12:56:54', '9'),
('u5ecea4231145a', 'u5edfc78c03552', '', '2020-06-10 12:57:01', '7'),
('u5ecea4231145a', 'u5edfc78c03552', '', '2020-06-10 13:00:05', '12321'),
('u5ecea4231145a', 'u5edfc78c03552', '', '2020-06-10 13:00:07', '333'),
('u5ecea4231145a', 'u5edfc78c03552', '', '2020-06-10 13:02:14', '5'),
('u5ecea4231145a', 'u5edfc78c03552', '', '2020-06-10 13:02:51', '666'),
('u5ecea4231145a', 'u5edfc78c03552', '', '2020-06-10 13:06:58', '7'),
('u5ecea4231145a', 'u5edfc78c03552', '', '2020-06-10 13:21:14', '11111'),
('u5ecea4231145a', 'u5edfc78c03552', '', '2020-06-10 13:21:17', '132131312'),
('u5ecea4231145a', 'u5edfc78c03552', '', '2020-06-10 13:23:00', '12312321'),
('u5ecea4231145a', 'u5edfc78c03552', '', '2020-06-10 13:23:02', '33'),
('u5ecea4231145a', 'u5edfc78c03552', '', '2020-06-10 13:23:07', '1'),
('u5ecea4231145a', 'u5edfc78c03552', '', '2020-06-10 13:28:00', '5'),
('u5ecea4231145a', 'u5edfc78c03552', '', '2020-06-10 13:28:30', '4'),
('u5ecea4231145a', 'u5edfc78c03552', '', '2020-06-10 13:31:41', '12'),
('u5ecea4231145a', 'u5edfc78c03552', '', '2020-06-10 13:46:47', '12'),
('u5ecea4231145a', 'u5edfc78c03552', '', '2020-06-10 13:50:57', '5'),
('u5ecea4231145a', 'u5edfc78c03552', '', '2020-06-10 13:53:54', '5'),
('u5ecea4231145a', 'u5edfc78c03552', '', '2020-06-10 13:56:55', '5'),
('u5ecea4231145a', 'u5edfc78c03552', '', '2020-06-10 13:57:09', '1'),
('u5ecea4231145a', 'u5edfc78c03552', '', '2020-06-10 13:57:24', '5'),
('u5ecea4231145a', 'u5edfc78c03552', '', '2020-06-10 14:05:49', '7'),
('u5ecea4231145a', 'u5edfc78c03552', '', '2020-06-10 14:06:53', '8'),
('u5ecea4231145a', 'u5edfc78c03552', '', '2020-06-10 14:08:15', '9'),
('u5ecea4231145a', 'u5edfc78c03552', '', '2020-06-10 14:09:42', '10'),
('u5ecea4231145a', 'u5edfc78c03552', '', '2020-06-10 14:18:07', '9'),
('u5ecea4231145a', 'u5edfc78c03552', '', '2020-06-10 14:18:08', '8'),
('u5ecea4231145a', 'u5edfc78c03552', '', '2020-06-10 14:18:29', '我'),
('u5ecea4231145a', 'u5edfc78c03552', '', '2020-06-10 14:21:05', '123'),
('u5ecea4231145a', 'u5edfc78c03552', '', '2020-06-10 14:22:02', '464'),
('u5ecea4231145a', 'u5edfc78c03552', '', '2020-06-10 14:22:10', '645645'),
('u5ecea4231145a', 'u5edfc78c03552', '', '2020-06-10 14:22:38', '55'),
('u5ecea4231145a', 'u5edfc78c03552', '', '2020-06-10 14:25:22', '5'),
('u5ecea4231145a', 'u5edfc78c03552', '', '2020-06-10 14:26:13', '10'),
('u5ecea4231145a', 'u5edfc78c03552', '', '2020-06-10 14:29:45', '5'),
('u5ecea4231145a', 'u5edfc78c03552', '', '2020-06-10 14:42:32', '我好帥'),
('u5ecea4231145a', 'u5edfc78c03552', '', '2020-06-10 14:42:56', '我真的好帥'),
('u5ecea4231145a', 'u5edfc78c03552', '', '2020-06-10 14:44:01', '444'),
('u5ecea4231145a', 'u5edfc78c03552', '', '2020-06-10 14:44:02', '7'),
('u5ecea4231145a', 'u5edfc78c03552', '', '2020-06-10 14:44:40', '88'),
('u5ecea4231145a', 'u5edfc78c03552', '', '2020-06-10 14:44:41', '4'),
('u5ecea4231145a', 'u5edfc78c03552', '', '2020-06-10 14:45:09', '123'),
('u5ecea4231145a', 'u5edfc78c03552', '', '2020-06-10 14:46:15', '54'),
('u5ecea4231145a', 'u5edfc78c03552', '', '2020-06-10 14:49:55', '我喜歡你'),
('u5ecea4231145a', 'u5edfc78c03552', '', '2020-06-10 14:51:54', '真的ㄇ'),
('u5ecea4231145a', 'u5edfc78c03552', '', '2020-06-10 14:51:59', '我也很率'),
('u5ecea4231145a', 'u5edfc78c03552', '', '2020-06-10 14:53:22', '好喔喔喔'),
('u5ecea4231145a', 'u5edfc78c03552', '', '2020-06-10 14:54:15', '打屁喔'),
('u5ecea4231145a', 'u5edfc78c03552', '', '2020-06-10 14:54:19', '屁屁'),
('u5ecea4231145a', 'u5edfc78c03552', '', '2020-06-10 14:54:24', '哈哈哈哈啊'),
('u5ecea543db261', 'u5ecea4231145a', '', '2020-06-09 10:43:52', '好喔'),
('u5ecea543db261', 'u5ecea4231145a', '', '2020-06-09 10:43:59', '歡迎再來買'),
('u5ecea543db261', 'u5ecea4231145a', 'p-u5ecea4231145a-5edf052336f8d', '2020-06-10 01:11:01', ''),
('u5ecea543db261', 'u5ecea4231145a', '', '2020-06-10 01:11:21', '請問行程會安排吃燒肉嗎?'),
('u5ecea543db261', 'u5ecea4231145a', '', '2020-06-10 01:20:40', '不要洗版'),
('u5ecea543db261', 'u5ecea4231145a', 'p-u5ecea4231145a-5edf052336f8d', '2020-06-10 01:27:07', ''),
('u5ecea543db261', 'u5ecea4231145a', '', '2020-06-10 02:08:19', '我想吃燒肉'),
('u5ecea543db261', 'u5edfc78c03552', '', '2020-06-10 13:20:36', '會安排自由時間請放心'),
('u5edfc78c03552', 'u5ecea4231145a', '', '2020-06-10 01:32:44', '早安'),
('u5edfc78c03552', 'u5ecea4231145a', '', '2020-06-10 02:32:39', 'hi'),
('u5edfc78c03552', 'u5ecea4231145a', '', '2020-06-10 02:34:36', 'hi1'),
('u5edfc78c03552', 'u5ecea4231145a', '', '2020-06-10 02:35:58', '123'),
('u5edfc78c03552', 'u5ecea4231145a', '', '2020-06-10 02:36:37', '789'),
('u5edfc78c03552', 'u5ecea4231145a', '', '2020-06-10 02:41:17', 'qu6204'),
('u5edfc78c03552', 'u5ecea4231145a', '', '2020-06-10 02:47:05', 'ds'),
('u5edfc78c03552', 'u5ecea4231145a', '', '2020-06-10 02:52:41', '9999'),
('u5edfc78c03552', 'u5ecea4231145a', '', '2020-06-10 03:09:53', '654321'),
('u5edfc78c03552', 'u5ecea4231145a', '', '2020-06-10 03:12:04', '１２３３１３２３'),
('u5edfc78c03552', 'u5ecea4231145a', '', '2020-06-10 03:12:14', '789789'),
('u5edfc78c03552', 'u5ecea4231145a', '', '2020-06-10 03:12:26', '666'),
('u5edfc78c03552', 'u5ecea4231145a', '', '2020-06-10 03:12:44', '午餐吃什麼'),
('u5edfc78c03552', 'u5ecea4231145a', '', '2020-06-10 03:19:00', '早安'),
('u5edfc78c03552', 'u5ecea4231145a', '', '2020-06-10 03:21:27', '7777'),
('u5edfc78c03552', 'u5ecea4231145a', '', '2020-06-10 03:22:23', '666'),
('u5edfc78c03552', 'u5ecea4231145a', '', '2020-06-10 03:22:36', '999'),
('u5edfc78c03552', 'u5ecea4231145a', '', '2020-06-10 03:26:11', '687'),
('u5edfc78c03552', 'u5ecea4231145a', '', '2020-06-10 03:29:17', '456'),
('u5edfc78c03552', 'u5ecea4231145a', '', '2020-06-10 03:29:21', '777'),
('u5edfc78c03552', 'u5ecea4231145a', '', '2020-06-10 03:29:39', 'ok'),
('u5edfc78c03552', 'u5ecea4231145a', '', '2020-06-10 03:31:08', '66'),
('u5edfc78c03552', 'u5ecea4231145a', '', '2020-06-10 03:31:43', '9'),
('u5edfc78c03552', 'u5ecea4231145a', '', '2020-06-10 03:33:59', '100'),
('u5edfc78c03552', 'u5ecea4231145a', '', '2020-06-10 03:35:45', '3123'),
('u5edfc78c03552', 'u5ecea4231145a', '', '2020-06-10 03:37:01', '1232133'),
('u5edfc78c03552', 'u5ecea4231145a', '', '2020-06-10 03:39:31', '１２３'),
('u5edfc78c03552', 'u5ecea4231145a', '', '2020-06-10 03:39:36', '789'),
('u5edfc78c03552', 'u5ecea4231145a', '', '2020-06-10 03:39:53', '44'),
('u5edfc78c03552', 'u5ecea4231145a', '', '2020-06-10 03:41:44', '1232133'),
('u5edfc78c03552', 'u5ecea4231145a', '', '2020-06-10 03:41:47', '1111'),
('u5edfc78c03552', 'u5ecea4231145a', '', '2020-06-10 03:44:50', '5'),
('u5edfc78c03552', 'u5ecea4231145a', '', '2020-06-10 12:54:33', '231'),
('u5edfc78c03552', 'u5ecea4231145a', '', '2020-06-10 12:55:55', 'asdsa'),
('u5edfc78c03552', 'u5ecea4231145a', '', '2020-06-10 12:56:57', '12'),
('u5edfc78c03552', 'u5ecea4231145a', '', '2020-06-10 13:00:21', '1111'),
('u5edfc78c03552', 'u5ecea4231145a', '', '2020-06-10 13:00:26', '99999'),
('u5edfc78c03552', 'u5ecea4231145a', '', '2020-06-10 13:01:11', '3213213'),
('u5edfc78c03552', 'u5ecea4231145a', '', '2020-06-10 13:04:13', '1'),
('u5edfc78c03552', 'u5ecea4231145a', '', '2020-06-10 13:07:08', '8'),
('u5edfc78c03552', 'u5ecea4231145a', '', '2020-06-10 13:21:25', '13213213'),
('u5edfc78c03552', 'u5ecea4231145a', '', '2020-06-10 13:23:22', '1'),
('u5edfc78c03552', 'u5ecea4231145a', '', '2020-06-10 13:23:44', '2'),
('u5edfc78c03552', 'u5ecea4231145a', '', '2020-06-10 13:31:59', '4'),
('u5edfc78c03552', 'u5ecea4231145a', '', '2020-06-10 13:46:53', '6'),
('u5edfc78c03552', 'u5ecea4231145a', '', '2020-06-10 13:51:02', '7'),
('u5edfc78c03552', 'u5ecea4231145a', '', '2020-06-10 13:58:05', '7'),
('u5edfc78c03552', 'u5ecea4231145a', '', '2020-06-10 14:02:14', '7'),
('u5edfc78c03552', 'u5ecea4231145a', '', '2020-06-10 14:05:43', '5'),
('u5edfc78c03552', 'u5ecea4231145a', '', '2020-06-10 14:05:47', '6'),
('u5edfc78c03552', 'u5ecea4231145a', '', '2020-06-10 14:09:49', '8'),
('u5edfc78c03552', 'u5ecea4231145a', '', '2020-06-10 14:09:53', '7'),
('u5edfc78c03552', 'u5ecea4231145a', '', '2020-06-10 14:19:23', '好帥'),
('u5edfc78c03552', 'u5ecea4231145a', '', '2020-06-10 14:22:14', '112'),
('u5edfc78c03552', 'u5ecea4231145a', '', '2020-06-10 14:22:16', '15'),
('u5edfc78c03552', 'u5ecea4231145a', '', '2020-06-10 14:22:17', '444'),
('u5edfc78c03552', 'u5ecea4231145a', '', '2020-06-10 14:22:30', '5'),
('u5edfc78c03552', 'u5ecea4231145a', '', '2020-06-10 14:27:26', '8'),
('u5edfc78c03552', 'u5ecea4231145a', '', '2020-06-10 14:29:18', '7'),
('u5edfc78c03552', 'u5ecea4231145a', '', '2020-06-10 14:29:43', '10'),
('u5edfc78c03552', 'u5ecea4231145a', '', '2020-06-10 14:31:21', '555'),
('u5edfc78c03552', 'u5ecea4231145a', '', '2020-06-10 14:32:41', '7'),
('u5edfc78c03552', 'u5ecea4231145a', '', '2020-06-10 14:33:15', '8'),
('u5edfc78c03552', 'u5ecea4231145a', '', '2020-06-10 14:33:28', '9'),
('u5edfc78c03552', 'u5ecea4231145a', '', '2020-06-10 14:34:39', '70'),
('u5edfc78c03552', 'u5ecea4231145a', '', '2020-06-10 14:35:05', '9'),
('u5edfc78c03552', 'u5ecea4231145a', '', '2020-06-10 14:35:46', '8'),
('u5edfc78c03552', 'u5ecea4231145a', '', '2020-06-10 14:36:54', '7'),
('u5edfc78c03552', 'u5ecea4231145a', '', '2020-06-10 14:38:16', '8'),
('u5edfc78c03552', 'u5ecea4231145a', '', '2020-06-10 14:38:31', 'ㄉ'),
('u5edfc78c03552', 'u5ecea4231145a', '', '2020-06-10 14:38:59', '77'),
('u5edfc78c03552', 'u5ecea4231145a', '', '2020-06-10 14:40:17', '8'),
('u5edfc78c03552', 'u5ecea4231145a', '', '2020-06-10 14:40:55', '1010'),
('u5edfc78c03552', 'u5ecea4231145a', '', '2020-06-10 14:42:25', '9'),
('u5edfc78c03552', 'u5ecea4231145a', '', '2020-06-10 14:44:14', '88'),
('u5edfc78c03552', 'u5ecea4231145a', '', '2020-06-10 14:44:15', '9'),
('u5edfc78c03552', 'u5ecea4231145a', '', '2020-06-10 14:44:16', '4'),
('u5edfc78c03552', 'u5ecea4231145a', '', '2020-06-10 14:44:17', '8'),
('u5edfc78c03552', 'u5ecea4231145a', '', '2020-06-10 14:44:18', '7'),
('u5edfc78c03552', 'u5ecea4231145a', '', '2020-06-10 14:44:24', '123'),
('u5edfc78c03552', 'u5ecea4231145a', '', '2020-06-10 14:44:29', '5'),
('u5edfc78c03552', 'u5ecea4231145a', '', '2020-06-10 14:46:21', '8'),
('u5edfc78c03552', 'u5ecea4231145a', '', '2020-06-10 14:47:06', '777'),
('u5edfc78c03552', 'u5ecea4231145a', '', '2020-06-10 14:47:58', '7'),
('u5edfc78c03552', 'u5ecea4231145a', '', '2020-06-10 14:49:40', '1'),
('u5edfc78c03552', 'u5ecea4231145a', '', '2020-06-10 14:49:46', '89'),
('u5edfc78c03552', 'u5ecea4231145a', '', '2020-06-10 14:49:48', '55'),
('u5edfc78c03552', 'u5ecea4231145a', '', '2020-06-10 14:51:45', '好唷'),
('u5edfc78c03552', 'u5ecea4231145a', '', '2020-06-10 14:51:49', '我超帥'),
('u5edfc78c03552', 'u5ecea4231145a', '', '2020-06-10 14:54:01', '臭隻隻'),
('u5edfc78c03552', 'u5ecea4231145a', '', '2020-06-10 14:54:06', '有蓋南'),
('u5edfc78c03552', 'u5ecea4231145a', '', '2020-06-10 14:54:10', '天梯天 '),
('u5edfc78c03552', 'u5ecea4231145a', '', '2020-06-10 14:54:29', '炒?'),
('u5edfc78c03552', 'u5ecea4231145a', '', '2020-06-10 14:54:33', '豆廣?'),
('u5edfc78c03552', 'u5ecea543db261', 'p-u5ecea543db261-5ee068aef0c1e', '2020-06-10 13:18:50', ''),
('u5edfc78c03552', 'u5ecea543db261', 'p-u5ecea543db261-5ecf2d6e39995', '2020-06-10 13:19:59', ''),
('u5edfc78c03552', 'u5ecea543db261', '', '2020-06-10 13:20:13', '請問會給予時間夠買土產嗎?'),
('u5edfc78c03552', 'u5ecea543db261', '', '2020-06-10 13:25:20', '.'),
('u5edfc78c03552', 'u5ecea543db261', '', '2020-06-10 13:25:24', '.'),
('u5edfc78c03552', 'u5ecea543db261', 'p-u5ecea543db261-5ecea8c25bcb6', '2020-06-10 13:42:34', ''),
('u5edfc78c03552', 'u5ecea543db261', '', '2020-06-10 13:42:42', '這樣那樣'),
('u5edfc78c03552', 'u5ecea543db261', 'p-u5ecea543db261-5ecea8c25bcb6', '2020-06-10 14:23:34', ''),
('u5edfc78c03552', 'u5ecea543db261', '', '2020-06-10 14:23:43', '安安');

-- --------------------------------------------------------

--
-- 資料表結構 `orderrecord`
--

DROP TABLE IF EXISTS `orderrecord`;
CREATE TABLE `orderrecord` (
  `buyerID` varchar(50) NOT NULL,
  `sellerID` varchar(50) NOT NULL,
  `productID` varchar(50) NOT NULL,
  `recordNO` varchar(250) NOT NULL,
  `startDate` date NOT NULL,
  `endDate` date NOT NULL,
  `price` float NOT NULL,
  `people` int(11) NOT NULL,
  `state` varchar(20) NOT NULL,
  `payMethod` varchar(20) NOT NULL,
  `orderDate` date NOT NULL DEFAULT current_timestamp()
) ENGINE=InnoDB DEFAULT CHARSET=utf8;

--
-- 資料表新增資料前，先清除舊資料 `orderrecord`
--

TRUNCATE TABLE `orderrecord`;
--
-- 傾印資料表的資料 `orderrecord`
--

INSERT IGNORE INTO `orderrecord` (`buyerID`, `sellerID`, `productID`, `recordNO`, `startDate`, `endDate`, `price`, `people`, `state`, `payMethod`, `orderDate`) VALUES
('u5ecea543db261', 'u5ecea543db261', 'p-u5ecea543db261-5ecea8c25bcb6', 'o5ecea9fb4eba0', '2020-05-20', '2020-05-27', 0, 1, '4', '1', '2020-05-14'),
('u5ecea543db261', 'u5ecea543db261', 'p-u5ecea543db261-5ecea8c25bcb6', 'o5ed640295a22c', '2020-06-06', '2020-06-07', 280, 1, '4', '1', '2020-06-02'),
('u5ecea543db261', 'u5ecea543db261', 'p-u5ecea543db261-5ecea8c25bcb6', 'o5eddb253b5073', '2020-06-14', '2020-06-15', 280, 1, '0', '1', '2020-06-08'),
('u5ecea4231145a', 'u5ecea4231145a', 'p-u5ecea4231145a-5edf02b480541', 'o5edfbc828a544', '2020-06-13', '2020-06-14', 1350, 1, '2', '1', '2020-06-10'),
('u5ecea4231145a', 'u5ecea543db261', 'p-u5ecea543db261-5edeff77f3e9b', 'o5edfbceee27cc', '2020-06-08', '2020-06-09', 1100, 1, '4', '1', '2020-06-10'),
('u5edfc78c03552', 'u5ecea543db261', 'p-u5ecea543db261-5ecf2d6e39995', 'o5ee06dc679bd9', '2020-06-20', '2020-06-21', 730, 1, '2', '1', '2020-06-10'),
('u5edfc78c03552', 'u5ecea543db261', 'p-u5ecea543db261-5ecea8c25bcb6', 'o5ee07c9154f94', '2020-06-28', '2020-06-29', 280, 1, '2', '1', '2020-06-10'),
('u5edfc78c03552', 'u5ecea543db261', 'p-u5ecea543db261-5ee068aef0c1e', 'o5ee09b9ae6ddc', '2020-06-28', '2020-06-29', 500, 1, '0', '1', '2020-06-10');

-- --------------------------------------------------------

--
-- 資料表結構 `product`
--

DROP TABLE IF EXISTS `product`;
CREATE TABLE `product` (
  `ID` varchar(50) NOT NULL,
  `sellerID` varchar(50) NOT NULL,
  `price` float NOT NULL,
  `title` varchar(50) NOT NULL,
  `info` text NOT NULL,
  `state` varchar(20) NOT NULL,
  `days` int(11) NOT NULL,
  `people` int(11) NOT NULL,
  `other` text NOT NULL,
  `uploadDate` date NOT NULL DEFAULT current_timestamp(),
  `weekSelect` varchar(20) NOT NULL
) ENGINE=InnoDB DEFAULT CHARSET=utf8;

--
-- 資料表新增資料前，先清除舊資料 `product`
--

TRUNCATE TABLE `product`;
--
-- 傾印資料表的資料 `product`
--

INSERT IGNORE INTO `product` (`ID`, `sellerID`, `price`, `title`, `info`, `state`, `days`, `people`, `other`, `uploadDate`, `weekSelect`) VALUES
('p--5ed903367c547', '', 0, '', '', 'published', 0, 0, '', '2020-06-04', ''),
('p-u5ecea4231145a-5edf02b480541', 'u5ecea4231145a', 1350, '巧雲小棧 古城遊歷之旅', '有著美麗壯闊的山景，悠閒的環境，裡面還有媲美日本金閣寺的建築物\r\n不能去日本，又出不了國，但又想出門走走的話，來『巧雲小棧』就對了', 'published', 1, 1, '本人只負責導覽及介紹，購買餐點、土產及禮品等需自行負擔費用', '2020-06-09', '6,7'),
('p-u5ecea4231145a-5edf052336f8d', 'u5ecea4231145a', 27800, '日本東京 楓紅高尾山、秋賞銀杏樹、最美紅葉五日遊', '每年秋天開始，思慕紅葉的觀光客也大量湧入，旅遊日本，雖然賞心悅目，但消費並不便宜。一年四季之中，秋天是日本最宜人的季節，除欣賞美景之外，同時也可滿足口腹之慾；所以秋遊日本是最佳的季節。', 'published', 5, 2, '本人只負責導覽及介紹，購買餐點、土產及禮品等需自行負擔費用', '2020-06-09', '1,2,3,4,5,6,7'),
('p-u5ecea543db261-5ecea8c25bcb6', 'u5ecea543db261', 300, '一中夜市美食之旅', '由最了解一中街的中科大學生，帶領你到一中街去吃遍各種連部落客都沒介紹的隱藏美食。', 'published', 1, 2, '本人只負責帶領您前往一中街、介紹美食及店家和離開一中街，購買食物、禮品等費用須自行負擔。', '2020-05-28', '6,7'),
('p-u5ecea543db261-5ecf2d6e39995', 'u5ecea543db261', 730, '大甲鎮瀾宮一日遊', '每年最大的宗教盛會：媽祖繞境的起點，鎮瀾宮。鎮瀾宮平日就香火鼎盛，寺廟古蹟更是充滿濃濃的台灣味，散發歷史的悠遠美感。\r\n當然熱鬧的地方也絕對少不了美食小吃及名產。\r\n參加鎮瀾宮一日遊，讓我帶著您們前往這宗教歷史聖地，享受充滿文化氣息及傳統美食的一天。', 'published', 1, 3, '本人只負責載送以及導覽介紹，購買禮品、餐費及其他費用需自行負擔。', '2020-05-28', '5,6,7'),
('p-u5ecea543db261-5ecf3626635a7', 'u5ecea543db261', 2550, '阿里山二日遊', '阿里山國家風景區一直都以著名的神木、小火車、雲海聞名。我們的行程當然也少不了這些。\r\n除此之外，遊歷阿里山多次的我將帶領你們，走入無人知曉的森林秘密小徑，體會更貼近大自然的感覺。\r\n我將會在行程中為你們介紹各種當地的神話及民間故事，讓你們除了欣賞美景、享用美食外，也能聆聽關於這塊土地的悠遠歷史。', 'published', 2, 3, '本人只負責帶領您前往旅遊、介紹美食及店家和離開，購買食物、禮品等費用須自行負擔。', '2020-05-28', '1,5,6,7'),
('p-u5ecea543db261-5ed6379d95b3c', 'u5ecea543db261', 3550, '農場住一晚 暢遊南投夢幻森林', '前往被稱為「雲的故鄉」的布農族原住民社區武界部落，感受鄉土人情之美；\r\n在惠蓀林場點一杯咖啡細細品味，花點時間欣賞旁邊的落葉喬木；\r\n前往夢想紙教堂，仰望透光的天幕，當光線由屋頂射下，感受莊嚴與神聖的氛圍包圍著你。\r\n讓本人帶領你享受這趟特別的南投森林之旅吧！', 'published', 2, 3, '本人只負責帶領您前往旅遊、介紹美食及店家和離開，購買食物、禮品等費用須自行負擔。', '2020-06-02', '1,5,6,7'),
('p-u5ecea543db261-5edefa5ba4356', 'u5ecea543db261', 30000, '艾恩葛朗特-SAO輕小說世界之旅', '這雖然是遊戲，但可不是鬧著玩的（これは、ゲームであっても、遊びではない）', 'published', 3, 3, '這雖然是遊戲，但可不是鬧著玩的（これは、ゲームであっても、遊びではない）參加此行程不得登出', '2020-06-09', '1,5,6,7'),
('p-u5ecea543db261-5edefc77419a9', 'u5ecea543db261', 3000, '異域風情-雲林旅行趣', '適合跟全家人出遊地方，\r\n有超難的健走迷宮、台版兼六園及五星級牧場，\r\n最後再到地中海咖啡店欣賞美麗夜景！', 'published', 2, 4, '本人只負責導覽及介紹，餐點購買以及禮品、土產的費用需自行負擔。', '2020-06-09', '1,5,6,7'),
('p-u5ecea543db261-5edeff77f3e9b', 'u5ecea543db261', 1100, '樂活人生-烏日知高圳步道森林芬多精之旅', '知高圳步道，位在台中烏日與大肚交界附近的超簡易登山步道，就在成功嶺、舊旭光國小籃球場旁，\r\n可說是就像走在田間小路散步的感覺，小小孩來都沒問題~\r\n但知高圳步道最後一段的好漢坡，陡度真的是好上卻難下~\r\n但頂端的風景一覽無遺，也是非常壯觀美麗!', 'published', 1, 2, '本人只負責導覽介紹，購買餐點、禮品及土產等費用需自行負擔', '2020-06-09', '6,7'),
('p-u5ecea543db261-5edf9385100cf', 'u5ecea543db261', 290, '逢甲夜市美食吃透透', '多人來到逢甲夜市常常決定不下要吃那些餐廳或小吃，特別整理出逢甲夜市及周邊美食，帶著您嘗遍逢甲必吃美食不踩雷！', 'published', 1, 2, '本人只負責導覽介紹，購買餐點、土產及禮品的費用需自行負擔', '2020-06-09', '1,2,3,4,5'),
('p-u5ecea543db261-5edf95c3b4e86', 'u5ecea543db261', 420, '一中美食一個不漏', '一中街 美食夜市，算是來台中必逛的三大夜市之一(東海夜市,逢甲夜市,一中街)。\r\n一中街 衣服.飾品.較為年輕化，比較走年輕的學生路線。餐廳小吃各有特色，小吃重複度不會像逢甲那麼高。\r\n來到一中商圈要怎麼吃喝玩樂?選購本行程交給我為您一手包辦吧！', 'published', 1, 2, '本人只負責導覽介紹，購買餐點、土產及禮品的費用需自行負擔', '2020-06-09', '5,6,7'),
('p-u5ecea543db261-5ee068aef0c1e', 'u5ecea543db261', 500, '台中新時代-餐廳電影一把罩', '大魯閣新時代購物中心鄰近台中火車站，交通方便，機能豐富，逛街、購物、吃美食、看電影、運動樣樣有，尤其美食選擇相當豐富。跟著我帶您進行一場時尚又美味的新時代電影之旅。', 'published', 1, 2, '本人只負責導覽及介紹，購買餐點、禮品及土產等費用需自行負擔', '2020-06-10', '6,7');

-- --------------------------------------------------------

--
-- 資料表結構 `productbillcontent`
--

DROP TABLE IF EXISTS `productbillcontent`;
CREATE TABLE `productbillcontent` (
  `productID` varchar(50) NOT NULL,
  `day` int(11) NOT NULL,
  `content` text NOT NULL,
  `price` float NOT NULL,
  `quantity` int(11) NOT NULL
) ENGINE=InnoDB DEFAULT CHARSET=utf8;

--
-- 資料表新增資料前，先清除舊資料 `productbillcontent`
--

TRUNCATE TABLE `productbillcontent`;
--
-- 傾印資料表的資料 `productbillcontent`
--

INSERT IGNORE INTO `productbillcontent` (`productID`, `day`, `content`, `price`, `quantity`) VALUES
('p-u5ecea543db261-5ecf2d6e39995', 0, '介紹導覽費', 500, 1),
('p-u5ecea543db261-5ecf2d6e39995', 0, '車資', 200, 1),
('p-u5ecea543db261-5ecf2d6e39995', 0, '保險', 30, 1),
('p-u5ecea543db261-5ecf3626635a7', 0, '導覽介紹費用', 750, 1),
('p-u5ecea543db261-5ecf3626635a7', 0, '交通費', 150, 1),
('p-u5ecea543db261-5ecf3626635a7', 0, '旅館', 1500, 1),
('p-u5ecea543db261-5ecf3626635a7', 0, '保險', 150, 1),
('p-u5ecea543db261-5ed6379d95b3c', 0, '住宿', 2000, 1),
('p-u5ecea543db261-5ed6379d95b3c', 0, '保險', 200, 1),
('p-u5ecea543db261-5ed6379d95b3c', 0, '導覽介紹費', 800, 1),
('p-u5ecea543db261-5ed6379d95b3c', 0, '門票', 250, 1),
('p-u5ecea543db261-5ed6379d95b3c', 0, '車資', 300, 1),
('p-u5ecea543db261-5edefa5ba4356', 0, '微波爐頭盔', 30000, 1),
('p-u5ecea543db261-5edefc77419a9', 0, '導覽介紹費', 800, 1),
('p-u5ecea543db261-5edefc77419a9', 0, '住宿', 1500, 1),
('p-u5ecea543db261-5edefc77419a9', 0, '車資', 500, 1),
('p-u5ecea543db261-5edefc77419a9', 0, '保險', 200, 1),
('p-u5ecea543db261-5edeff77f3e9b', 0, '導覽介紹費', 500, 1),
('p-u5ecea543db261-5edeff77f3e9b', 0, '車資', 500, 1),
('p-u5ecea543db261-5edeff77f3e9b', 0, '保險', 100, 1),
('p-u5ecea4231145a-5edf02b480541', 0, '門票', 150, 1),
('p-u5ecea4231145a-5edf02b480541', 0, '導覽介紹費', 600, 1),
('p-u5ecea4231145a-5edf02b480541', 0, '車資', 500, 1),
('p-u5ecea4231145a-5edf02b480541', 0, '保險', 100, 1),
('p-u5ecea4231145a-5edf052336f8d', 0, '機票', 15000, 1),
('p-u5ecea4231145a-5edf052336f8d', 0, '住宿', 10000, 1),
('p-u5ecea4231145a-5edf052336f8d', 0, '導覽費用', 2000, 1),
('p-u5ecea4231145a-5edf052336f8d', 0, '保險', 800, 1),
('p-u5ecea543db261-5edf9385100cf', 0, '車資', 40, 1),
('p-u5ecea543db261-5edf9385100cf', 0, '導覽費用', 200, 1),
('p-u5ecea543db261-5edf9385100cf', 0, '保險', 50, 1),
('p-u5ecea543db261-5edf95c3b4e86', 0, '導覽介紹費', 200, 1),
('p-u5ecea543db261-5edf95c3b4e86', 0, '車資', 150, 1),
('p-u5ecea543db261-5edf95c3b4e86', 0, '保險', 70, 1),
('p-u5ecea543db261-5ee068aef0c1e', 0, '導覽介紹費', 150, 1),
('p-u5ecea543db261-5ee068aef0c1e', 0, '電影票', 300, 1),
('p-u5ecea543db261-5ee068aef0c1e', 0, '保險', 50, 1),
('p-u5ecea543db261-5ecea8c25bcb6', 0, '導覽介紹費', 200, 1),
('p-u5ecea543db261-5ecea8c25bcb6', 0, '車錢', 50, 1),
('p-u5ecea543db261-5ecea8c25bcb6', 0, '保險', 50, 1);

-- --------------------------------------------------------

--
-- 資料表結構 `productimage`
--

DROP TABLE IF EXISTS `productimage`;
CREATE TABLE `productimage` (
  `productID` varchar(50) NOT NULL,
  `photo` varchar(50) NOT NULL
) ENGINE=InnoDB DEFAULT CHARSET=utf8;

--
-- 資料表新增資料前，先清除舊資料 `productimage`
--

TRUNCATE TABLE `productimage`;
--
-- 傾印資料表的資料 `productimage`
--

INSERT IGNORE INTO `productimage` (`productID`, `photo`) VALUES
('p-u5ecea4231145a-5edf02b480541', 'pim__5edf02b4bd0cf1.jpg'),
('p-u5ecea4231145a-5edf02b480541', 'pim__5edf02b4c28312.jpeg'),
('p-u5ecea4231145a-5edf02b480541', 'pim__5edf02b4cb9663.jpg'),
('p-u5ecea4231145a-5edf052336f8d', 'pim__5edf063aa36591.jpg'),
('p-u5ecea4231145a-5edf052336f8d', 'pim__5edf063aac6d92.jpg'),
('p-u5ecea4231145a-5edf052336f8d', 'pim__5edf063ab68763.jpg'),
('p-u5ecea4231145a-5edf052336f8d', 'pim__5edf063ac09914.jpg'),
('p-u5ecea543db261-5ecea8c25bcb6', 'pim__5ecea8c272bcc1.jpg'),
('p-u5ecea543db261-5ecea8c25bcb6', 'pim__5ecf2e3b01d1c1.jpg'),
('p-u5ecea543db261-5ecea8c25bcb6', 'pim__5ecf2e62e49c11.jpg'),
('p-u5ecea543db261-5ecea8c25bcb6', 'pim__5ecfbb1deba9a1.jpg'),
('p-u5ecea543db261-5ecea8c25bcb6', 'pim__5ed62f613d6ca1.jpg'),
('p-u5ecea543db261-5ecea8c25bcb6', 'pim__5ed62f8a07eb81.jpg'),
('p-u5ecea543db261-5ecea8c25bcb6', 'pim__5ed62f8a124412.jpg'),
('p-u5ecea543db261-5ecf2d6e39995', 'pim__5ecf2d6e959d31.jpg'),
('p-u5ecea543db261-5ecf2d6e39995', 'pim__5ed63068bc3cc1.jpg'),
('p-u5ecea543db261-5ecf2d6e39995', 'pim__5ed63068c9e042.jpg'),
('p-u5ecea543db261-5ecf2d6e39995', 'pim__5ed63081944eb1.jpg'),
('p-u5ecea543db261-5ecf2d6e39995', 'pim__5ed630819e0142.jpg'),
('p-u5ecea543db261-5ecf3626635a7', 'pim__5ecf362688d9f1.jpg'),
('p-u5ecea543db261-5ed6379d95b3c', 'pim__5ed6379de1c8f1.jpg'),
('p-u5ecea543db261-5ed6379d95b3c', 'pim__5ed6379de9a3b2.jpg'),
('p-u5ecea543db261-5ed6379d95b3c', 'pim__5ed6385dc7a6d1.jpg'),
('p-u5ecea543db261-5ed6379d95b3c', 'pim__5ed6385dd384a2.jpg'),
('p-u5ecea543db261-5edefa5ba4356', 'pim__5edefa5c038ac1.jpg'),
('p-u5ecea543db261-5edefa5ba4356', 'pim__5edefa5c0b6892.jpg'),
('p-u5ecea543db261-5edefa5ba4356', 'pim__5edefa5c0e5913.jpg'),
('p-u5ecea543db261-5edefc77419a9', 'pim__5edefc777f4a41.jpg'),
('p-u5ecea543db261-5edefc77419a9', 'pim__5edefc778947e2.jpg'),
('p-u5ecea543db261-5edefc77419a9', 'pim__5edefc779c9943.jpg'),
('p-u5ecea543db261-5edefc77419a9', 'pim__5edefc77a43224.jpg'),
('p-u5ecea543db261-5edefc77419a9', 'pim__5edefc77ac0e75.jpg'),
('p-u5ecea543db261-5edeff77f3e9b', 'pim__5edeff7855d051.jpg'),
('p-u5ecea543db261-5edeff77f3e9b', 'pim__5edeff785fa972.jpg'),
('p-u5ecea543db261-5edeff77f3e9b', 'pim__5edeff78674b83.jpg'),
('p-u5ecea543db261-5edeff77f3e9b', 'pim__5edeff7871fb24.jpg'),
('p-u5ecea543db261-5edeff77f3e9b', 'pim__5edeff787c70d5.jpg'),
('p-u5ecea543db261-5edf9385100cf', 'pim__5edf9385497de2.jpg'),
('p-u5ecea543db261-5edf9385100cf', 'pim__5edf9385539b23.jpg'),
('p-u5ecea543db261-5edf9385100cf', 'pim__5edf93855d8ba4.jpg'),
('p-u5ecea543db261-5edf9385100cf', 'pim__5edf93c127e1f1.jpg'),
('p-u5ecea543db261-5edf95c3b4e86', 'pim__5edf95c3ed4e81.jpg'),
('p-u5ecea543db261-5edf95c3b4e86', 'pim__5edf95c4036d32.jpg'),
('p-u5ecea543db261-5edf95c3b4e86', 'pim__5edf95c40ae8f3.jpg'),
('p-u5ecea543db261-5edf95c3b4e86', 'pim__5edf95c4125884.jpg'),
('p-u5ecea543db261-5edf95c3b4e86', 'pim__5edf95c41e0995.jpg'),
('p-u5ecea543db261-5ee068aef0c1e', 'pim__5ee068af402de1.jpg'),
('p-u5ecea543db261-5ee068aef0c1e', 'pim__5ee068af4b5d12.jpg'),
('p-u5ecea543db261-5ee068aef0c1e', 'pim__5ee068af559ba3.jpg'),
('p-u5ecea543db261-5ee068aef0c1e', 'pim__5ee068af5d9f34.jpg');

-- --------------------------------------------------------

--
-- 資料表結構 `productregion`
--

DROP TABLE IF EXISTS `productregion`;
CREATE TABLE `productregion` (
  `productID` varchar(50) NOT NULL,
  `country` varchar(20) NOT NULL,
  `county` varchar(20) NOT NULL
) ENGINE=InnoDB DEFAULT CHARSET=utf8;

--
-- 資料表新增資料前，先清除舊資料 `productregion`
--

TRUNCATE TABLE `productregion`;
--
-- 傾印資料表的資料 `productregion`
--

INSERT IGNORE INTO `productregion` (`productID`, `country`, `county`) VALUES
('p--5ed903367c547', '', ''),
('p-u5ecea4231145a-5edf02b480541', 'tw', '嘉義'),
('p-u5ecea4231145a-5edf052336f8d', 'jp', '東京'),
('p-u5ecea543db261-5ecea8c25bcb6', 'tw', '台中'),
('p-u5ecea543db261-5ecf2d6e39995', 'tw', '台中'),
('p-u5ecea543db261-5ecf3626635a7', 'tw', '台中'),
('p-u5ecea543db261-5ed6379d95b3c', 'tw', '南投'),
('p-u5ecea543db261-5edefa5ba4356', 'tw', '台北'),
('p-u5ecea543db261-5edefc77419a9', 'tw', '雲林'),
('p-u5ecea543db261-5edeff77f3e9b', 'tw', '台中'),
('p-u5ecea543db261-5edf9385100cf', 'tw', '台中'),
('p-u5ecea543db261-5edf95c3b4e86', 'tw', '台中'),
('p-u5ecea543db261-5ee068aef0c1e', 'tw', '台中');

-- --------------------------------------------------------

--
-- 資料表結構 `productreview`
--

DROP TABLE IF EXISTS `productreview`;
CREATE TABLE `productreview` (
  `recordNO` varchar(50) NOT NULL,
  `buyerID` varchar(50) NOT NULL,
  `Reply` text DEFAULT NULL,
  `Reply_rate` int(11) DEFAULT NULL,
  `rate` int(11) NOT NULL,
  `comment` text NOT NULL,
  `date` datetime NOT NULL DEFAULT current_timestamp(),
  `productID` varchar(50) NOT NULL
) ENGINE=InnoDB DEFAULT CHARSET=utf8;

--
-- 資料表新增資料前，先清除舊資料 `productreview`
--

TRUNCATE TABLE `productreview`;
--
-- 傾印資料表的資料 `productreview`
--

INSERT IGNORE INTO `productreview` (`recordNO`, `buyerID`, `Reply`, `Reply_rate`, `rate`, `comment`, `date`, `productID`) VALUES
('o5ecea9fb4eba0', 'u5ecea543db261', '', 5, 5, '很棒', '2020-06-10 13:23:12', 'p-u5ecea543db261-5ecea8c25bcb6'),
('o5ed640295a22c', 'u5ecea543db261', '', 5, 5, '好玩', '2020-06-10 14:25:48', 'p-u5ecea543db261-5ecea8c25bcb6'),
('o5edfbceee27cc', 'u5ecea4231145a', 'THANKS', 5, 3, '還不錯但可以更好', '2020-06-10 01:13:39', 'p-u5ecea543db261-5edeff77f3e9b');

-- --------------------------------------------------------

--
-- 資料表結構 `productthumbnail`
--

DROP TABLE IF EXISTS `productthumbnail`;
CREATE TABLE `productthumbnail` (
  `productID` varchar(50) NOT NULL,
  `photo` text NOT NULL
) ENGINE=InnoDB DEFAULT CHARSET=utf8;

--
-- 資料表新增資料前，先清除舊資料 `productthumbnail`
--

TRUNCATE TABLE `productthumbnail`;
--
-- 傾印資料表的資料 `productthumbnail`
--

INSERT IGNORE INTO `productthumbnail` (`productID`, `photo`) VALUES
('p-u5ecea4231145a-5edf02b480541', 'pim__5edf02cda6ac51.jpg'),
('p-u5ecea4231145a-5edf052336f8d', 'pim__5edf063a2ca5d1.jpg'),
('p-u5ecea543db261-5ecea8c25bcb6', 'pim__5ecf330e6bbd11.jpg'),
('p-u5ecea543db261-5ecf2d6e39995', 'pim__5ecf2d6e3d9c31.jpg'),
('p-u5ecea543db261-5ecf3626635a7', 'pim__5ecf362667b101.jpg'),
('p-u5ecea543db261-5ed6379d95b3c', 'pim__5ed6382e13d5d1.jpg'),
('p-u5ecea543db261-5edefa5ba4356', 'pim__5edefa5baa1bf1.png'),
('p-u5ecea543db261-5edefc77419a9', 'pim__5edefc77487371.jpg'),
('p-u5ecea543db261-5edeff77f3e9b', 'pim__5edeff780491e1.jpg'),
('p-u5ecea543db261-5edf9385100cf', 'pim__5edf93c0c3a731.jpg'),
('p-u5ecea543db261-5edf95c3b4e86', 'pim__5edf95c3b75761.jpg'),
('p-u5ecea543db261-5ee068aef0c1e', 'pim__5ee068e05f1761.jpg');

--
-- 已傾印資料表的索引
--

--
-- 資料表索引 `activity`
--
ALTER TABLE `activity`
  ADD PRIMARY KEY (`productID`,`day`,`sequence`);

--
-- 資料表索引 `collect`
--
ALTER TABLE `collect`
  ADD PRIMARY KEY (`userID`,`productID`);

--
-- 資料表索引 `daycontent`
--
ALTER TABLE `daycontent`
  ADD PRIMARY KEY (`productID`,`day`);

--
-- 資料表索引 `member`
--
ALTER TABLE `member`
  ADD PRIMARY KEY (`ID`,`Email`);

--
-- 資料表索引 `msg`
--
ALTER TABLE `msg`
  ADD PRIMARY KEY (`sentFrom`,`sentTo`,`date`);

--
-- 資料表索引 `orderrecord`
--
ALTER TABLE `orderrecord`
  ADD PRIMARY KEY (`recordNO`),
  ADD UNIQUE KEY `recordNO` (`recordNO`);

--
-- 資料表索引 `product`
--
ALTER TABLE `product`
  ADD PRIMARY KEY (`ID`,`sellerID`);

--
-- 資料表索引 `productimage`
--
ALTER TABLE `productimage`
  ADD PRIMARY KEY (`productID`,`photo`);

--
-- 資料表索引 `productregion`
--
ALTER TABLE `productregion`
  ADD PRIMARY KEY (`productID`);

--
-- 資料表索引 `productreview`
--
ALTER TABLE `productreview`
  ADD PRIMARY KEY (`recordNO`);

--
-- 資料表索引 `productthumbnail`
--
ALTER TABLE `productthumbnail`
  ADD PRIMARY KEY (`productID`);
COMMIT;

/*!40101 SET CHARACTER_SET_CLIENT=@OLD_CHARACTER_SET_CLIENT */;
/*!40101 SET CHARACTER_SET_RESULTS=@OLD_CHARACTER_SET_RESULTS */;
/*!40101 SET COLLATION_CONNECTION=@OLD_COLLATION_CONNECTION */;
